"SPECIES","NAME"
"S1","Species 1"
"S2","Species 10"
"S3","Species 11"
"S4","Species 12"
"S5","Species 13"
"S6","Species 14"
"S7","Species 15"
"S8","Species 16"
"S9","Species 17"
"S10","Species 18"
"S11","Species 19"
"S12","Species 2"
"S13","Species 20"
"S14","Species 21"
"S15","Species 22"
"S16","Species 23"
"S17","Species 24"
"S18","Species 25"
"S19","Species 27"
"S20","Species 28"
"S21","Species 29"
"S22","Species 3"
"S23","Species 30"
"S24","Species 31"
"S25","Species 32"
"S26","Species 33"
"S27","Species 34"
"S28","Species 35"
"S29","Species 36"
"S30","Species 37"
"S31","Species 38"
"S32","Species 39"
"S33","Species 4"
"S34","Species 40"
"S35","Species 41"
"S36","Species 42"
"S37","Species 44"
"S38","Species 45"
"S39","Species 46"
"S40","Species 47"
"S41","Species 48"
"S42","Species 49"
"S43","Species 5"
"S44","Species 50"
"S45","Species 51"
"S46","Species 52"
"S47","Species 54"
"S48","Species 55"
"S49","Species 56"
"S50","Species 57"
"S51","Species 6"
"S52","Species 66"
"S53","Species 7"
"S54","Species 8"
"S55","Species 9"
